Epoch,Train Loss,Train Accuracy,Validation Loss,Validation Accuracy
1,2.6334519805363517,0.20089467263115088,2.558356325217435,0.215210355987055
