Epoch,Train Loss,Train Accuracy,Validation Loss,Validation Accuracy
1,2.623863479113009,0.20324431792508246,2.5140374933631673,0.23220064724919093
